id,sequence,activity,partition
Sequence_0_Pos_train,AAYLLAKINLKALAALAKKIL,1,3
Sequence_0_Pos_val,AGYLLGKINLKPLAALAKKIL,1,3
Sequence_1_Pos_train,AGYLLGKINLRALAALARRIL,1,3
Sequence_2_Pos_train,AGYLLGPINLKALAALAKKIL,1,3
Sequence_3_Pos_train,AWSFRVSYRGISYRRSR,1,3
Sequence_1_Pos_val,CFITKALGISYGRKKRRQRRRPPQGSQTH,1,3
Sequence_4_Pos_train,DSHAKRHHGYKRKFHEKHHSHRGY,1,3
Sequence_2_Pos_val,DTWPGVEALIRILQQLLFIHFRIGCQH,1,3
Sequence_0_Pos_test,GDCLPHLKLCKENKDCCSKKCKRRGTNIEKRCR,1,3
Sequence_3_Pos_val,GIASNGQLPTPKT,1,3
Sequence_5_Pos_train,GILLRNQVLPPQI,1,3
Sequence_6_Pos_train,GLFNWLQLRPPSW,1,3
Sequence_7_Pos_train,GLPVCGETCVGGTCNTPGCTCSWPVCTRN,1,3
Sequence_1_Pos_test,GSNFFYQHRLPFS,1,3
Sequence_4_Pos_val,GTSRANSYDNLKSETLTQ,1,3
Sequence_5_Pos_val,GYRRTTPSYWRMWLR,1,3
Sequence_8_Pos_train,KAFAKLAARLYRKALARQLGVAA,1,3
Sequence_9_Pos_train,KGSWYSMRKMSMIRPFFPQQ,1,3
Sequence_10_Pos_train,KIWFQNKKMKWKK,1,3
Sequence_6_Pos_val,KKALLALALHHLAHLALHLALALKKA,1,3
Sequence_2_Pos_test,KKTCRRINYCALNK,1,3
Sequence_11_Pos_train,KLLKLLLKLLLKLLK,1,3
Sequence_3_Pos_test,KLWMRWWSPTTRRYG,1,3
Sequence_12_Pos_train,KLWMRWYSPTTRAYG,1,3
Sequence_7_Pos_val,KPSARMLLLKGFGK,1,3
Sequence_13_Pos_train,KQIKIWFQNKKMKWKK,1,3
Sequence_4_Pos_test,KQINNWFINQRKRHWK,1,3
Sequence_14_Pos_train,KRPTMRFRYTWNPMK,1,3
Sequence_15_Pos_train,KTRYYSMKKTTMKIIPFNRL,1,3
Sequence_16_Pos_train,KWFKIQLQIKKWKNKK,1,3
Sequence_8_Pos_val,LITKQYRYPSRRRFN,1,3
Sequence_17_Pos_train,LSTAADMQGVVTDGMASG,1,3
Sequence_18_Pos_train,LSTAADMQGVVTDGMASGLDKDYLKPDD,1,3
Sequence_5_Pos_test,MAMPGEPRRANVMAHKLEPASLQLRNSCA,1,3
Sequence_19_Pos_train,MAPQRDTVGGRTTPPSWGPAKAQLRNSCA,1,3
Sequence_9_Pos_val,MSDPNMNPGTLGSSHILW,1,3
Sequence_10_Pos_val,NSAAFEDLRVLS,1,3
Sequence_20_Pos_train,PLILLRLLRGQF,1,3
Sequence_21_Pos_train,PLIYLRLLRGQF,1,3
Sequence_11_Pos_val,PRLPRLPRLPRL,1,3
Sequence_22_Pos_train,PYSRPHVQLWYPNRESCRSLIRSLGP,1,3
Sequence_23_Pos_train,QDGGTWHLVAYCAKSHRY,1,3
Sequence_24_Pos_train,RCGRASRCRVRWMRRRRI,1,3
Sequence_25_Pos_train,RGADYSLRAVRMKIRPLVTQ,1,3
Sequence_26_Pos_train,RGDRGDRRDLRLDRGDLRC,1,3
Sequence_27_Pos_train,RGDRLDRRDLRLDRRDLRC,1,3
Sequence_28_Pos_train,RGERGERRELRLERGELRC,1,3
Sequence_12_Pos_val,RGERLERRELRLERRELRC,1,3
Sequence_29_Pos_train,RGWEVLKYWWNLLQY,1,3
Sequence_13_Pos_val,RIWFQNRRMRWRR,1,3
Sequence_30_Pos_train,RKKTFKEVANAVKISA,1,3
Sequence_31_Pos_train,RKLTTIFPLNWKYRKALSLG,1,3
Sequence_32_Pos_train,RLIMRIYAPTTRRYG,1,3
Sequence_33_Pos_train,RLLRLLLRLWRRLLRLLR,1,3
Sequence_34_Pos_train,RLLRLLRRLLRLLRRLLRC,1,3
Sequence_35_Pos_train,RLWMRWWSATTRAYG,1,3
Sequence_6_Pos_test,RLWMRWYAPAARRYG,1,3
Sequence_36_Pos_train,RLWMRWYSGTTRRYG,1,3
Sequence_7_Pos_test,RLWMRWYSPRTRAYG,1,3
Sequence_37_Pos_train,RLWMRWYSPTTRARG,1,3
Sequence_8_Pos_test,RQIKIWFQNRRLKWKK,1,3
Sequence_38_Pos_train,RRLRRLLRRLRRLLRRLR,1,3
Sequence_39_Pos_train,RRRRNRTRRNRRRVR,1,3
Sequence_14_Pos_val,RRRRRRRRRFF,1,3
Sequence_40_Pos_train,RRRRWWWWRRRR,1,3
Sequence_41_Pos_train,RWFKIQLQIRRWKNKK,1,3
Sequence_15_Pos_val,RWFKIQMQIRRWKNKK,1,3
Sequence_16_Pos_val,RWFRIQLQIRRWRNRR,1,3
Sequence_42_Pos_train,RWRRWRRWRRWR,1,3
Sequence_43_Pos_train,SDLWEMMMVSLACQY,1,3
Sequence_44_Pos_train,SGEHTNGPSKTSVRWVWD,1,3
Sequence_45_Pos_train,SLFRALWRLLESLWRLLWK,1,3
Sequence_9_Pos_test,SLWRALWRLLRALWRLLWKA,1,3
Sequence_46_Pos_train,SLWRALWRLLRNLWRLLWKA,1,3
Sequence_10_Pos_test,SLWRALWRLLRSLWRLWRKA,1,3
Sequence_47_Pos_train,SLWRALWRLWRSLWRLLWKA,1,3
Sequence_48_Pos_train,SLWRALWRLWRSLWRLWRKA,1,3
Sequence_17_Pos_val,SMTTMEFGHSMITPYKID,1,3
Sequence_11_Pos_test,SPGNQSTGVIGTPSFSNH,1,3
Sequence_49_Pos_train,SPTRPTHQGLLPVSNKYT,1,3
Sequence_50_Pos_train,SSGANYFFNAIYDFLSNF,1,3
Sequence_18_Pos_val,STAPGSLQEDILDSVPA,1,3
Sequence_51_Pos_train,STHLQYHVNYTSRTVVSM,1,3
Sequence_12_Pos_test,TPWWRLWTKWHHKRRDLPRKPE,1,3
Sequence_52_Pos_train,TRRNKRNRIQEQLNRK,1,3
Sequence_53_Pos_train,VDKGSYLPRPTPPRPIYNRN,1,3
Sequence_54_Pos_train,VLTTGLPALISWIRRRHRRHC,1,3
Sequence_55_Pos_train,VSRRRRRRGGRRRR,1,3
Sequence_56_Pos_train,WKARRQAFRVLHHWN,1,3
Sequence_19_Pos_val,WKARRQCFRVLHHWN,1,3
Sequence_57_Pos_train,WKCRRQAFRVLHHWN,1,3
Sequence_58_Pos_train,WKWRRQWFRVLHHWN,1,3
Sequence_59_Pos_train,WWWRRRRRRRR,1,3
Sequence_60_Pos_train,WWWWRRRRRRRR,1,3
Sequence_61_Pos_train,YKQSHKKGGKKGSG,1,3
Sequence_62_Pos_train,YSSAYEWFNRYKQPYYEL,1,3
Sequence_0_Neg_train,AAAATAAAAAGLGE,0,3
Sequence_1_Neg_train,AGGNLTGWHPDSAAVL,0,3
Sequence_0_Neg_val,AITISNCHLTEHDDVMLLGASDTYTQDEI,0,3
Sequence_2_Neg_train,AQKKAQEVICSAIQRFAGEFVVDR,0,3
Sequence_3_Neg_train,ASYALEYGKAELEIQKDALEPGQRVVIVDDLLATGGTMCAACELLNQLR,0,3
Sequence_1_Neg_val,AVAQSRGEIVALVNDDVEVIAPDWLSEMVALAQRPGVGCV,0,3
Sequence_4_Neg_train,CFLSALTLSFATLPYYAYNYLLVGPLGFVPEDNALLSTVFTHSYLKD,0,3
Sequence_5_Neg_train,CIFMSKKFIELGDPVTQDEKDYEDYVGV,0,3
Sequence_2_Neg_val,DGGARFVEDAWVRDAGGGGRTRVIGEGKVIEKGGVNFSHVFGA,0,3
Sequence_6_Neg_train,DSRYTVQSFSTDGHPDFIPSDSLDILSY,0,3
Sequence_7_Neg_train,DVDSIYKIPALLRSQGLDDL,0,3
Sequence_3_Neg_val,DVYPILSLQSCLDKRAAKGGVSPQQVAQAIAFA,0,3
Sequence_4_Neg_val,DWGSAEEEGKALSSPTSPEHDFLKAWVYRPGEDTE,0,3
Sequence_8_Neg_train,EDNADEMRMGNDGTPIFLSNHAGG,0,3
Sequence_9_Neg_train,EEEEEEASFENESIEEPE,0,3
Sequence_10_Neg_train,EHLPSNFFKGEECFQCKGAKKYTVECAQAAFSDRGFIPLFDTYH,0,3
Sequence_11_Neg_train,EKKERYINELGLKKDDAEVIISSYEHAKFFEDLINAGHEPKLCVTW,0,3
Sequence_12_Neg_train,ELMTLFKNLHKKGM,0,3
Sequence_0_Neg_test,ERVIVAGLPKSRAAMHLDTVFSFCDRDLV,0,3
Sequence_5_Neg_val,EVSMENMVTVGFFSCMGTLCLGAAAFSQCEDWSFFHAY,0,3
Sequence_13_Neg_train,FSSADVRSIPIIQTWEENKALKTKITILRGELQMYQ,0,3
Sequence_14_Neg_train,FTTFAVSTVCLPLFAFLFC,0,3
Sequence_15_Neg_train,GGILKYFEEVGGSHYRGDCFVFDYRTALNPSLE,0,3
Sequence_16_Neg_train,GHTINVVHSRGKSM,0,3
Sequence_17_Neg_train,GKKIVGFHGRSGNALDALGVYFVHGSLTTSPPVYKLDAQGGTDGRVWDD,0,3
Sequence_18_Neg_train,GKKLVQDLQLAGKLPASLTQ,0,3
Sequence_19_Neg_train,GLFGGAGVGKTVLIMELINNIAKAHGGVSVFGGVGERTREGNDLYM,0,3
Sequence_20_Neg_train,GLRPKSKERKGRMKILVTNDDGVH,0,3
Sequence_21_Neg_train,GLTPSKILTEEAFMNAITADMALGCST,0,3
Sequence_22_Neg_train,GQFIWKANPAIVEKLSEVGALMHTETISHSYMHCWRHKTP,0,3
Sequence_6_Neg_val,GSCKYTANGGV,0,3
Sequence_23_Neg_train,GSFSGTVSKIRIRATTITDFD,0,3
Sequence_1_Neg_test,GSRGGEGGRAPREGPAGNGRDRGRSHAAEAPGDPQAAASLLAPMD,0,3
Sequence_24_Neg_train,GVKLLEPIMKVEVV,0,3
Sequence_25_Neg_train,HFYGMQKYHHEKLVQMLKDIYGNKMCPAIFAQEVSLKYLWEKDY,0,3
Sequence_7_Neg_val,HLGCPEKYNFPWVS,0,3
Sequence_26_Neg_train,HNACPDAYSYAYDDKRGTFTCNGGPNYAITFCPMRLVQLSR,0,3
Sequence_27_Neg_train,IDVTSADALQKYGSI,0,3
Sequence_28_Neg_train,ILDPALLRSGRLDRKIEFPMPNEEARARIMQIHSRKMNVSP,0,3
Sequence_29_Neg_train,IMAHIDAGKTTTTERILYYTGKIH,0,3
Sequence_2_Neg_test,IRSWRDLPQLLN,0,3
Sequence_30_Neg_train,ITGAYVLISLFQSSQSCALEGTRGCYEVRDPMDLALLAAILTG,0,3
Sequence_31_Neg_train,IVEENQQINAELKTLQNKHNTMTTGISTGADGSSAAEDGSYTEQLME,0,3
Sequence_32_Neg_train,KCVHGRCIAPNTC,0,3
Sequence_8_Neg_val,KGAEEMETVIPTDVMRRAGIKVTVAGLTGKEPVQCSR,0,3
Sequence_33_Neg_train,KQEETTWSMGFDTTI,0,3
Sequence_34_Neg_train,KSPCKRCTMDSSDPASPAYIIPRPGGEVICGGTYGVGDWDLSVNPET,0,3
Sequence_35_Neg_train,LAALGQIRSLLSVRMGKEEELLMINGLGDIMNN,0,3
Sequence_36_Neg_train,LAGANSIFYGERLLTTANNEADADAELLRDIG,0,3
Sequence_9_Neg_val,LAMIKAAPPLDVDKVLNPSEPSVIYDDKNKLVDT,0,3
Sequence_10_Neg_val,LECHPQQIEFSRLNLEYTIMSKR,0,3
Sequence_37_Neg_train,LKKLIDQLGWYAPTFESMEMSHPPTILRK,0,3
Sequence_38_Neg_train,LMLMATAFVGYVLPWGQMSFWGATVITNLFSAI,0,3
Sequence_39_Neg_train,LNMLNRRDSSASTISSAYLSSRRSSGISPCFS,0,3
Sequence_40_Neg_train,LPFIIAALAMVHLLFLHETGSNNPTGISSDADKIPFHPYYTIKDILGAL,0,3
Sequence_41_Neg_train,LVYLFPLILAMALILLLTAFITKVNLHNK,0,3
Sequence_42_Neg_train,MLRNAQARLLRDN,0,3
Sequence_3_Neg_test,MNLKEARNFIDKKIVTEGMIPKTECCI,0,3
Sequence_43_Neg_train,MVNVQPTNEKLIQRATNIIKEAAEIEESQAKEYLE,0,3
Sequence_44_Neg_train,MWELEKKSAVADKHELLSLASSNHLGKSLQLLMDR,0,3
Sequence_11_Neg_val,NHDVHVLTQVLRGMTSRNETLFQRAQKSIPGGVNSPVRAFRSVGGTPRF,0,3
Sequence_45_Neg_train,NLSIKENCCSFAGNCSSYLYHTIYQALAD,0,3
Sequence_46_Neg_train,NTRKRIIEMIEREIALARKSSGGRIIMKMNSLVDPATIQALYRASRA,0,3
Sequence_47_Neg_train,PGVPDEVLMPEQTWADKAAYKAKAIELANEFKENFKKFESV,0,3
Sequence_48_Neg_train,PLNKDKGEKEERPRQQDPQRKALLH,0,3
Sequence_12_Neg_val,PRPMIHHSSLNFSFSGLKTFTSKVISNNTLNIQQKANIAR,0,3
Sequence_49_Neg_train,QIRSYVLDDSRIKDLRTGVETRNTQAVLDGDLD,0,3
Sequence_13_Neg_val,QKGANTIAIGYDEGSVTLKLGREEPAVS,0,3
Sequence_50_Neg_train,QLREKQKVKRIYGVLERQFRRYFAEA,0,3
Sequence_4_Neg_test,QQVGGIECSPVTGEITYGLERLAMY,0,3
Sequence_51_Neg_train,QREENVKQAKAMGEKAKVSIRNIRKDANDAVKKLEKDKAI,0,3
Sequence_5_Neg_test,QTGCQNTWIQSKCPASCFCRTEIIMKKRIPRIYIKYFLQI,0,3
Sequence_52_Neg_train,RILHRDLKSKNIFLKNNLLK,0,3
Sequence_53_Neg_train,RKMSRVKAMDNLTSKDVINRIKEMGIELRITDP,0,3
Sequence_14_Neg_val,RYVDELNAGKDGPRGDNFNMRWIASMVADVHRILNRG,0,3
Sequence_15_Neg_val,SLTSVHPDLMKILGDINSDFTRADEDEEIIVKAMSDYW,0,3
Sequence_54_Neg_train,SLVSLFEKWDVSVAL,0,3
Sequence_16_Neg_val,SVGIIQRDESPMEKGLSGLRGRDFELSDVFY,0,3
Sequence_55_Neg_train,TEREAPISRRRRHPDDAGQFAVALVIIYRTL,0,3
Sequence_56_Neg_train,TGARPGTSPKRCPTCGGTGQIRTTRTG,0,3
Sequence_57_Neg_train,TQKKVPDKLLDSSTVTHLFKITENIG,0,3
Sequence_58_Neg_train,TSEQIVRAYAPEQKM,0,3
Sequence_59_Neg_train,TVDLSCGLVVTPLIGSSVSSSSMS,0,3
Sequence_17_Neg_val,VAAQMQHVAAFSLVAAPLLPAAAANSPPGSGPGTLPGLPAPI,0,3
Sequence_60_Neg_train,VASLIEEEGNPNLKLRLYVSGGGCSGFQY,0,3
Sequence_6_Neg_test,VFHLKGGILQYLEDIPQDQSTWNGACFVFD,0,3
Sequence_18_Neg_val,VGAQSLNALTGQIVPKDIQLATPPQVGAPATEYAALAELKAIASRNKRF,0,3
Sequence_61_Neg_train,VKNVRQKSIVIGHNGEKIKKISMISRNNIEKKFY,0,3
Sequence_62_Neg_train,VLASGAKRVSDA,0,3
Sequence_63_Neg_train,VMVKGPGPGRESTIRALNAAG,0,3
Sequence_64_Neg_train,VSYIIHGLMRMDTLQPDRCEIRGENFHWQGDALV,0,3
Sequence_7_Neg_test,VVLDAGRVAQVGKPLELYHYPADRFVAGFIGSPKMNFLPVKVTATAI,0,3
Sequence_8_Neg_test,YDAGRCDVYTTDQSGLYSLRLTL,0,3
Sequence_19_Neg_val,YEQETEPMAKVKATMYYLKNTNFWM,0,3
Sequence_20_Neg_val,YIKFHRLQDMEE,0,3
Sequence_65_Neg_train,YYLGAHLPIFRSYLGGGSVFTILLTAILVATNVIPKYVVT,0,3